disease,h,variant,pr_auc,roc_auc,recall_top10,base_rate,brier
chikungunya,1,climate only,0.039,0.847,0.536,0.006,0.006
chikungunya,1,climate+history,0.07,0.903,0.693,0.006,0.006
chikungunya,1,climate+history+recent reports,0.134,0.928,0.783,0.006,0.005
chikungunya,1,history only,0.072,0.907,0.74,0.006,0.006
chikungunya,1,history+recent reports,0.11,0.928,0.796,0.006,0.005
chikungunya,1,recent outbreaks (persistence),0.078,0.623,0.353,0.006,0.017
chikungunya,1,seasonal history (baseline),0.073,0.755,0.591,0.006,0.006
chikungunya,2,climate only,0.036,0.848,0.518,0.006,0.006
chikungunya,2,climate+history,0.073,0.907,0.697,0.006,0.006
chikungunya,2,climate+history+recent reports,0.089,0.915,0.731,0.006,0.005
chikungunya,2,history only,0.071,0.909,0.724,0.006,0.006
chikungunya,2,history+recent reports,0.087,0.919,0.782,0.006,0.005
chikungunya,2,recent outbreaks (persistence),0.043,0.582,0.28,0.006,0.018
chikungunya,2,seasonal history (baseline),0.073,0.756,0.598,0.006,0.006
chikungunya,3,climate+history,0.066,0.908,0.697,0.006,0.006
chikungunya,3,history only,0.071,0.906,0.725,0.006,0.006
chikungunya,3,recent outbreaks (persistence),0.035,0.59,0.27,0.006,0.019
chikungunya,3,seasonal history (baseline),0.073,0.755,0.596,0.006,0.006
cholera,1,climate only,0.011,0.708,0.26,0.004,0.004
cholera,1,climate+history,0.041,0.857,0.502,0.004,0.004
cholera,1,climate+history+recent reports,0.056,0.871,0.544,0.004,0.004
cholera,1,history only,0.035,0.85,0.531,0.004,0.004
cholera,1,history+recent reports,0.067,0.883,0.583,0.004,0.004
cholera,1,recent outbreaks (persistence),0.028,0.636,0.205,0.004,0.013
cholera,1,seasonal history (baseline),0.036,0.789,0.54,0.004,0.004
cholera,2,climate only,0.012,0.696,0.252,0.004,0.004
cholera,2,climate+history,0.036,0.857,0.533,0.004,0.004
cholera,2,climate+history+recent reports,0.042,0.843,0.524,0.004,0.004
cholera,2,history only,0.035,0.85,0.52,0.004,0.004
cholera,2,history+recent reports,0.042,0.858,0.539,0.004,0.004
cholera,2,recent outbreaks (persistence),0.011,0.602,0.143,0.004,0.014
cholera,2,seasonal history (baseline),0.036,0.789,0.534,0.004,0.004
cholera,3,climate+history,0.042,0.863,0.525,0.004,0.004
cholera,3,history only,0.035,0.85,0.535,0.004,0.004
cholera,3,recent outbreaks (persistence),0.006,0.577,0.102,0.004,0.015
cholera,3,seasonal history (baseline),0.036,0.788,0.534,0.004,0.004
dengue,1,climate only,0.055,0.787,0.392,0.014,0.013
dengue,1,climate+history,0.099,0.86,0.542,0.014,0.013
dengue,1,climate+history+recent reports,0.128,0.884,0.618,0.014,0.013
dengue,1,history only,0.092,0.858,0.545,0.014,0.013
dengue,1,history+recent reports,0.128,0.883,0.633,0.014,0.013
dengue,1,recent outbreaks (persistence),0.06,0.621,0.335,0.014,0.041
dengue,1,seasonal history (baseline),0.084,0.781,0.518,0.014,0.013
dengue,2,climate only,0.054,0.791,0.395,0.014,0.013
dengue,2,climate+history,0.085,0.854,0.523,0.014,0.013
dengue,2,climate+history+recent reports,0.109,0.869,0.57,0.014,0.013
dengue,2,history only,0.096,0.857,0.531,0.014,0.013
dengue,2,history+recent reports,0.101,0.867,0.565,0.014,0.013
dengue,2,recent outbreaks (persistence),0.039,0.569,0.246,0.014,0.044
dengue,2,seasonal history (baseline),0.084,0.78,0.514,0.014,0.013
dengue,3,climate+history,0.09,0.855,0.519,0.014,0.013
dengue,3,history only,0.093,0.855,0.538,0.014,0.013
dengue,3,recent outbreaks (persistence),0.031,0.542,0.209,0.014,0.046
dengue,3,seasonal history (baseline),0.083,0.78,0.513,0.014,0.013
diarrhoea,1,climate only,0.068,0.658,0.207,0.034,0.032
diarrhoea,1,climate+history,0.106,0.746,0.303,0.034,0.032
diarrhoea,1,climate+history+recent reports,0.137,0.784,0.398,0.034,0.031
diarrhoea,1,history only,0.106,0.747,0.304,0.034,0.032
diarrhoea,1,history+recent reports,0.135,0.783,0.395,0.034,0.03
diarrhoea,1,recent outbreaks (persistence),0.08,0.616,0.285,0.034,0.099
diarrhoea,1,seasonal history (baseline),0.102,0.726,0.308,0.034,0.033
diarrhoea,2,climate only,0.068,0.661,0.201,0.034,0.032
diarrhoea,2,climate+history,0.105,0.742,0.301,0.034,0.032
diarrhoea,2,climate+history+recent reports,0.112,0.754,0.312,0.034,0.031
diarrhoea,2,history only,0.107,0.745,0.315,0.034,0.032
diarrhoea,2,history+recent reports,0.111,0.747,0.31,0.034,0.031
diarrhoea,2,recent outbreaks (persistence),0.061,0.585,0.239,0.034,0.104
diarrhoea,2,seasonal history (baseline),0.101,0.726,0.308,0.034,0.033
diarrhoea,3,climate+history,0.103,0.74,0.294,0.034,0.032
diarrhoea,3,history only,0.106,0.742,0.304,0.034,0.032
diarrhoea,3,recent outbreaks (persistence),0.052,0.564,0.203,0.034,0.109
diarrhoea,3,seasonal history (baseline),0.101,0.724,0.307,0.034,0.033
malaria,1,climate only,0.011,0.707,0.252,0.004,0.004
malaria,1,climate+history,0.059,0.838,0.522,0.004,0.004
malaria,1,climate+history+recent reports,0.083,0.865,0.636,0.004,0.003
malaria,1,history only,0.071,0.833,0.595,0.004,0.003
malaria,1,history+recent reports,0.083,0.864,0.646,0.004,0.003
malaria,1,recent outbreaks (persistence),0.046,0.623,0.339,0.004,0.012
malaria,1,seasonal history (baseline),0.061,0.741,0.543,0.004,0.004
malaria,2,climate only,0.011,0.716,0.265,0.004,0.004
malaria,2,climate+history,0.059,0.837,0.586,0.004,0.004
malaria,2,climate+history+recent reports,0.07,0.854,0.605,0.004,0.003
malaria,2,history only,0.072,0.834,0.588,0.004,0.003
malaria,2,history+recent reports,0.089,0.85,0.644,0.004,0.003
malaria,2,recent outbreaks (persistence),0.055,0.602,0.292,0.004,0.013
malaria,2,seasonal history (baseline),0.06,0.739,0.542,0.004,0.004
malaria,3,climate+history,0.059,0.83,0.545,0.004,0.004
malaria,3,history only,0.081,0.828,0.578,0.004,0.003
malaria,3,recent outbreaks (persistence),0.049,0.612,0.309,0.004,0.013
malaria,3,seasonal history (baseline),0.06,0.739,0.542,0.004,0.004
